numero di ordine p,	seno dell'angolo di interferenza
1,	0.001499999438
2,	0.002749996534
3,	0.003749991211
4,  0.004749982138
