numero di ordine p,	seno dell'angolo di interferenza
1, 0.0009999998333
2, 0.001749999107
3, 0.002499997396
4, 0.003249994279
