numero di ordine p,	seno dell'angolo di interferenza
1,  0.003249994279
2,	0.005499972271
3,	0.006999942833
4,	0.0089998785
