numero di ordine p,	seno dell'angolo di diffrazione
1, 0.003749991211
2, 0.006499954229
3, 0.01049980706
4, 0.01349958994
