numero di ordine p, seno dell'angolo di diffrazione
1, 0.003999989333
2, 0.0089998785
3, 0.01249967448
4, 0.01599931734
