numero di ordine p,	seno dell'angolo di interferenza
1,	0.0009999998333
2,	0.001499999438
3,	0.001999998667
4,	0.002499997396
