numero di ordine p,	seno dell'angolo di interferenza
1,	0.001249999674
2,	0.001999998667
3,	0.0029999955
4,	0.003749991211
