numero di ordine p,	seno dell'angolo di interferenza
1,	0.001999998667
2,	0.0029999955
3,	0.003999989333
4,	0.005499972271
