numero di ordine p,		seno dell'angolo	
1,		0.006188079319	
2,		0.01163340095	
3,		0.01757335279	
4,		0.02301776896	
5,		0.02771922135	
