numero di ordine p,	seno angolo interferenza
1,	0.003499992854
2,	0.006499954229
3,	0.008499897646
4,	0.01149974652
